"工事名","工事番号","請負金額（本工事）","請負金額（追加・各戸）","実行予算時利益率","大工種コード","大工種名称","中工種コード","中工種名称","小工種コード","小工種名称","元積額","実行予算額","取極・見込額","取極業者コード","取極業者名","出面","注文書番号","月別原価金額1","原価発生月1","月別原価金額2","原価発生月2","月別原価金額3","原価発生月3","月別原価金額4","原価発生月4","月別原価金額5","原価発生月5","月別原価金額6","原価発生月6","月別原価金額7","原価発生月7","月別原価金額8","原価発生月8","月別原価金額9","原価発生月9","月別原価金額10","原価発生月10","月別原価金額11","原価発生月11","月別原価金額12","原価発生月12","月別原価金額13","原価発生月13","月別原価金額14","原価発生月14","月別原価金額15","原価発生月15","月別原価金額16","原価発生月16","月別原価金額17","原価発生月17","月別原価金額18","原価発生月18"
"A40改修工事","9000720229-001","91000000","10000000","25.2","A001","共通仮設工事","A010","仮設建物・備品ﾘｰｽ","A100","仮設建物・備品ﾘｰｽ(外注費)","0","0","0","0510155","株式会社アインズ","0","","62000","2024/03","0","2024/04","0","2024/05","0","2024/06","0","2024/07","0","2024/08","0","2024/09","0","2024/10","0","2024/11","0","2024/12","0","2025/01","0","2025/02","0","2025/03","0","2025/04","0","2025/05","0","2025/06","0","2025/07","0","2025/08"
"A40改修工事","9000720229-001","91000000","10000000","25.2","A001","共通仮設工事","A040","安全対策費","A400","安全対策費(外注費)","0","900000","0","0520028","株式会社神奈川綜合サービス","0","","0","2024/03","0","2024/04","0","2024/05","0","2024/06","0","2024/07","0","2024/08","0","2024/09","0","2024/10","0","2024/11","0","2024/12","0","2025/01","0","2025/02","0","2025/03","0","2025/04","0","2025/05","0","2025/06","0","2025/07","0","2025/08"
"A40改修工事","9000720229-001","91000000","10000000","25.2","A001","共通仮設工事","A040","安全対策費","A400","安全対策費(外注費)","18500","0","1183400","0547005","テイケイ株式会社","0","","0","2024/03","0","2024/04","0","2024/05","0","2024/06","0","2024/07","0","2024/08","0","2024/09","0","2024/10","0","2024/11","341000","2024/12","281000","2025/01","0","2025/02","191900","2025/03","59500","2025/04","310000","2025/05","0","2025/06","0","2025/07","0","2025/08"
"A40改修工事","9000720229-001","91000000","10000000","25.2","A001","共通仮設工事","A020","仮設電気工事","A200","仮設電気(外注費)","0","400000","397000","0553003","ヌシマ電工","0","","0","2024/03","0","2024/04","302000","2024/05","0","2024/06","45000","2024/07","0","2024/08","0","2024/09","0","2024/10","0","2024/11","0","2024/12","0","2025/01","0","2025/02","0","2025/03","0","2025/04","50000","2025/05","0","2025/06","0","2025/07","0","2025/08"
"A40改修工事","9000720229-001","91000000","10000000","25.2","A001","共通仮設工事","A010","仮設建物・備品ﾘｰｽ","A100","仮設建物・備品ﾘｰｽ(外注費)","0","300000","0","0564087","株式会社藤建設","0","","0","2024/03","0","2024/04","0","2024/05","0","2024/06","0","2024/07","0","2024/08","0","2024/09","0","2024/10","0","2024/11","0","2024/12","0","2025/01","0","2025/02","0","2025/03","0","2025/04","0","2025/05","0","2025/06","0","2025/07","0","2025/08"
"A40改修工事","9000720229-001","91000000","10000000","25.2","A001","共通仮設工事","A010","仮設建物・備品ﾘｰｽ","A100","仮設建物・備品ﾘｰｽ(外注費)","44000","975000","1227200","0572011","有限会社三浦重機","0","","0","2024/03","0","2024/04","110000","2024/05","0","2024/06","108000","2024/07","0","2024/08","0","2024/09","0","2024/10","58000","2024/11","0","2024/12","116000","2025/01","545200","2025/02","232000","2025/03","0","2025/04","58000","2025/05","0","2025/06","0","2025/07","0","2025/08"
"A40改修工事","9000720229-001","91000000","10000000","25.2","A001","共通仮設工事","A030","養生費","A301","養生費（材料費）","0","800000","500000","0610001","有限会社青柳勘重商店","0","","0","2024/03","0","2024/04","0","2024/05","0","2024/06","0","2024/07","0","2024/08","0","2024/09","0","2024/10","29840","2024/11","211435","2024/12","199000","2025/01","79595","2025/02","54360","2025/03","23000","2025/04","0","2025/05","2920","2025/06","0","2025/07","0","2025/08"
"A40改修工事","9000720229-001","91000000","10000000","25.2","A001","共通仮設工事","A010","仮設建物・備品ﾘｰｽ","A100","仮設建物・備品ﾘｰｽ(外注費)","600000","600000","406500","0610037","株式会社アクティオ横浜営業所","0","","0","2024/03","0","2024/04","0","2024/05","0","2024/06","0","2024/07","0","2024/08","0","2024/09","0","2024/10","0","2024/11","12800","2024/12","45730","2025/01","37720","2025/02","38290","2025/03","222000","2025/04","49980","2025/05","0","2025/06","0","2025/07","0","2025/08"
"A40改修工事","9000720229-001","91000000","10000000","25.2","A001","共通仮設工事","A030","養生費","A301","養生費（材料費）","0","300000","318776","0618001","荻野化成株式会社","0","","0","2024/03","0","2024/04","0","2024/05","0","2024/06","0","2024/07","0","2024/08","0","2024/09","0","2024/10","0","2024/11","38300","2024/12","10700","2025/01","10000","2025/02","241250","2025/03","15475","2025/04","3050","2025/05","0","2025/06","0","2025/07","0","2025/08"
"A40改修工事","9000720229-001","91000000","10000000","25.2","A001","共通仮設工事","A030","養生費","A301","養生費（材料費）","0","0","102988","0620017","化研マテリアル株式会社","0","","0","2024/03","0","2024/04","0","2024/05","0","2024/06","0","2024/07","0","2024/08","0","2024/09","0","2024/10","0","2024/11","0","2024/12","20400","2025/01","17200","2025/02","0","2025/03","1000","2025/04","64388","2025/05","0","2025/06","0","2025/07","0","2025/08"
"A40改修工事","9000720229-001","91000000","10000000","25.2","A001","共通仮設工事","A010","仮設建物・備品ﾘｰｽ","A100","仮設建物・備品ﾘｰｽ(外注費)","0","0","72000","0640003","株式会社タテイシ建機リース","0","","0","2024/03","0","2024/04","0","2024/05","0","2024/06","0","2024/07","0","2024/08","0","2024/09","0","2024/10","0","2024/11","0","2024/12","0","2025/01","12000","2025/02","60000","2025/03","0","2025/04","0","2025/05","0","2025/06","0","2025/07","0","2025/08"
"A40改修工事","9000720229-001","91000000","10000000","25.2","A001","共通仮設工事","A030","養生費","A301","養生費（材料費）","0","0","10800","0658003","野口興産株式会社南関東支店","0","","0","2024/03","0","2024/04","0","2024/05","0","2024/06","0","2024/07","0","2024/08","0","2024/09","0","2024/10","0","2024/11","0","2024/12","0","2025/01","0","2025/02","10800","2025/03","0","2025/04","0","2025/05","0","2025/06","0","2025/07","0","2025/08"
"A40改修工事","9000720229-001","91000000","10000000","25.2","A001","共通仮設工事","A010","仮設建物・備品ﾘｰｽ","A100","仮設建物・備品ﾘｰｽ(外注費)","0","400000","440000","0670005","丸若運輸有限会社","0","","0","2024/03","0","2024/04","0","2024/05","0","2024/06","0","2024/07","0","2024/08","0","2024/09","0","2024/10","40000","2024/11","0","2024/12","0","2025/01","40000","2025/02","280000","2025/03","40000","2025/04","40000","2025/05","0","2025/06","0","2025/07","0","2025/08"
"A40改修工事","9000720229-001","91000000","10000000","25.2","A001","共通仮設工事","A030","養生費","A301","養生費（材料費）","0","0","7600","0680001","八巻興業株式会社","0","","0","2024/03","0","2024/04","0","2024/05","0","2024/06","0","2024/07","0","2024/08","0","2024/09","0","2024/10","0","2024/11","0","2024/12","0","2025/01","0","2025/02","7600","2025/03","0","2025/04","0","2025/05","0","2025/06","0","2025/07","0","2025/08"
"A40改修工事","9000720229-001","91000000","10000000","25.2","A001","共通仮設工事","A010","仮設建物・備品ﾘｰｽ","A100","仮設建物・備品ﾘｰｽ(外注費)","0","150000","33220","","","0","","0","2024/03","0","2024/04","0","2024/05","0","2024/06","0","2024/07","0","2024/08","0","2024/09","0","2024/10","0","2024/11","0","2024/12","0","2025/01","0","2025/02","0","2025/03","0","2025/04","0","2025/05","0","2025/06","0","2025/07","0","2025/08"
"A40改修工事","9000720229-001","91000000","10000000","25.2","A001","共通仮設工事","A020","仮設電気工事","A200","仮設電気(外注費)","0","0","0","","","0","","0","2024/03","0","2024/04","0","2024/05","0","2024/06","0","2024/07","0","2024/08","0","2024/09","0","2024/10","0","2024/11","0","2024/12","0","2025/01","0","2025/02","0","2025/03","0","2025/04","0","2025/05","0","2025/06","0","2025/07","0","2025/08"
"A40改修工事","9000720229-001","91000000","10000000","25.2","A001","共通仮設工事","A030","養生費","A300","養生費（外注費）","0","0","0","","","0","","0","2024/03","0","2024/04","0","2024/05","0","2024/06","0","2024/07","0","2024/08","0","2024/09","0","2024/10","0","2024/11","0","2024/12","0","2025/01","0","2025/02","0","2025/03","0","2025/04","0","2025/05","0","2025/06","0","2025/07","0","2025/08"
"A40改修工事","9000720229-001","91000000","10000000","25.2","A001","共通仮設工事","A030","養生費","A301","養生費（材料費）","0","0","0","","","0","","0","2024/03","0","2024/04","0","2024/05","0","2024/06","0","2024/07","0","2024/08","0","2024/09","0","2024/10","0","2024/11","0","2024/12","0","2025/01","0","2025/02","0","2025/03","0","2025/04","0","2025/05","0","2025/06","0","2025/07","0","2025/08"
"A40改修工事","9000720229-001","91000000","10000000","25.2","A001","共通仮設工事","A040","安全対策費","A400","安全対策費(外注費)","0","0","0","","","0","","0","2024/03","0","2024/04","0","2024/05","0","2024/06","0","2024/07","0","2024/08","0","2024/09","0","2024/10","0","2024/11","0","2024/12","0","2025/01","0","2025/02","0","2025/03","0","2025/04","0","2025/05","0","2025/06","0","2025/07","0","2025/08"
"A40改修工事","9000720229-001","91000000","10000000","25.2","A001","共通仮設工事","A040","安全対策費","A401","安全対策費(材料費)","0","0","0","","","0","","0","2024/03","0","2024/04","0","2024/05","0","2024/06","0","2024/07","0","2024/08","0","2024/09","0","2024/10","0","2024/11","0","2024/12","0","2025/01","0","2025/02","0","2025/03","0","2025/04","0","2025/05","0","2025/06","0","2025/07","0","2025/08"
"A40改修工事","9000720229-001","91000000","10000000","25.2","A001","共通仮設工事","A050","廃材処理","A500","廃材処理(外注費)","0","0","0","","","0","","0","2024/03","0","2024/04","0","2024/05","0","2024/06","0","2024/07","0","2024/08","0","2024/09","0","2024/10","0","2024/11","0","2024/12","0","2025/01","0","2025/02","0","2025/03","0","2025/04","0","2025/05","0","2025/06","0","2025/07","0","2025/08"
"A40改修工事","9000720229-001","91000000","10000000","25.2","B001","足場架設工事","B010","鋼製枠組み足場","B100","鋼製枠組足場(外注費)","9159541","8400000","10000000","0564087","株式会社藤建設","0","0000017426","0","2024/03","0","2024/04","0","2024/05","0","2024/06","0","2024/07","0","2024/08","0","2024/09","0","2024/10","0","2024/11","4050000","2024/12","1350000","2025/01","0","2025/02","0","2025/03","0","2025/04","4600000","2025/05","0","2025/06","0","2025/07","0","2025/08"
"A40改修工事","9000720229-001","91000000","10000000","25.2","B001","足場架設工事","B010","鋼製枠組み足場","B100","鋼製枠組足場(外注費)","0","0","0","0564087","株式会社藤建設","0","","0","2024/03","0","2024/04","0","2024/05","0","2024/06","0","2024/07","0","2024/08","0","2024/09","0","2024/10","0","2024/11","0","2024/12","0","2025/01","0","2025/02","0","2025/03","0","2025/04","500000","2025/05","0","2025/06","0","2025/07","0","2025/08"
"A40改修工事","9000720229-001","91000000","10000000","25.2","B001","足場架設工事","B010","鋼製枠組み足場","B100","鋼製枠組足場(外注費)","0","550000","0","0634001","株式会社杉孝","0","","0","2024/03","0","2024/04","0","2024/05","0","2024/06","0","2024/07","0","2024/08","0","2024/09","0","2024/10","0","2024/11","0","2024/12","0","2025/01","0","2025/02","0","2025/03","0","2025/04","0","2025/05","0","2025/06","0","2025/07","0","2025/08"
"A40改修工事","9000720229-001","91000000","10000000","25.2","B001","足場架設工事","B010","鋼製枠組み足場","B101","鋼製枠組足場(材料費)","0","500000","0","0634001","株式会社杉孝","0","","0","2024/03","0","2024/04","0","2024/05","0","2024/06","0","2024/07","0","2024/08","0","2024/09","0","2024/10","0","2024/11","0","2024/12","0","2025/01","0","2025/02","0","2025/03","0","2025/04","0","2025/05","0","2025/06","0","2025/07","0","2025/08"
"A40改修工事","9000720229-001","91000000","10000000","25.2","B001","足場架設工事","B010","鋼製枠組み足場","B101","鋼製枠組足場(材料費)","0","1549440","0","","","0","","0","2024/03","0","2024/04","0","2024/05","0","2024/06","0","2024/07","0","2024/08","0","2024/09","0","2024/10","0","2024/11","0","2024/12","0","2025/01","0","2025/02","0","2025/03","0","2025/04","0","2025/05","0","2025/06","0","2025/07","0","2025/08"
"A40改修工事","9000720229-001","91000000","10000000","25.2","C001","シーリング工事","C010","ｼｰﾘﾝｸﾞ工事全般","C100","ｼｰﾘﾝｸﾞ工事全般(外注費)","1666650","1150000","1500000","0532066","有限会社シンケン工業","0","0000017676","0","2024/03","0","2024/04","0","2024/05","0","2024/06","0","2024/07","0","2024/08","0","2024/09","0","2024/10","0","2024/11","0","2024/12","750000","2025/01","600000","2025/02","150000","2025/03","0","2025/04","0","2025/05","0","2025/06","0","2025/07","0","2025/08"
"A40改修工事","9000720229-001","91000000","10000000","25.2","C001","シーリング工事","C010","ｼｰﾘﾝｸﾞ工事全般","C100","ｼｰﾘﾝｸﾞ工事全般(外注費)","0","0","0","0532066","有限会社シンケン工業","0","","0","2024/03","0","2024/04","0","2024/05","0","2024/06","0","2024/07","0","2024/08","0","2024/09","0","2024/10","0","2024/11","0","2024/12","0","2025/01","34300","2025/02","-58800","2025/03","25000","2025/04","0","2025/05","0","2025/06","0","2025/07","0","2025/08"
"A40改修工事","9000720229-001","91000000","10000000","25.2","C001","シーリング工事","C010","ｼｰﾘﾝｸﾞ工事全般","C101","ｼｰﾘﾝｸﾞ工事全般(材料費)","0","200000","153300","0620017","化研マテリアル株式会社","0","","0","2024/03","0","2024/04","0","2024/05","0","2024/06","0","2024/07","0","2024/08","0","2024/09","0","2024/10","0","2024/11","0","2024/12","98700","2025/01","54600","2025/02","0","2025/03","0","2025/04","0","2025/05","0","2025/06","0","2025/07","0","2025/08"
"A40改修工事","9000720229-001","91000000","10000000","25.2","C001","シーリング工事","C010","ｼｰﾘﾝｸﾞ工事全般","C100","ｼｰﾘﾝｸﾞ工事全般(外注費)","0","0","0","","","0","","0","2024/03","0","2024/04","0","2024/05","0","2024/06","0","2024/07","0","2024/08","0","2024/09","0","2024/10","0","2024/11","0","2024/12","0","2025/01","0","2025/02","0","2025/03","0","2025/04","0","2025/05","0","2025/06","0","2025/07","0","2025/08"
"A40改修工事","9000720229-001","91000000","10000000","25.2","D001","躯体補修工事","D010","躯体補修工事","D100","躯体補修工事(外注費）","0","224000","297500","0528008","小谷左官","0","","0","2024/03","0","2024/04","0","2024/05","0","2024/06","0","2024/07","0","2024/08","0","2024/09","0","2024/10","0","2024/11","0","2024/12","0","2025/01","165000","2025/02","0","2025/03","132500","2025/04","0","2025/05","0","2025/06","0","2025/07","0","2025/08"
"A40改修工事","9000720229-001","91000000","10000000","25.2","D001","躯体補修工事","D030","洗浄工事","D300","洗浄工事(外注費)","0","149000","0","0532017","昭和美装","0","","0","2024/03","0","2024/04","0","2024/05","0","2024/06","0","2024/07","0","2024/08","0","2024/09","0","2024/10","0","2024/11","0","2024/12","0","2025/01","0","2025/02","0","2025/03","0","2025/04","0","2025/05","0","2025/06","0","2025/07","0","2025/08"
"A40改修工事","9000720229-001","91000000","10000000","25.2","D001","躯体補修工事","D010","躯体補修工事","D100","躯体補修工事(外注費）","180000","100000","275000","0532066","有限会社シンケン工業","0","","0","2024/03","0","2024/04","0","2024/05","0","2024/06","0","2024/07","0","2024/08","0","2024/09","0","2024/10","0","2024/11","50000","2024/12","200000","2025/01","25000","2025/02","0","2025/03","0","2025/04","0","2025/05","0","2025/06","0","2025/07","0","2025/08"
"A40改修工事","9000720229-001","91000000","10000000","25.2","D001","躯体補修工事","D030","洗浄工事","D300","洗浄工事(外注費)","149000","0","308000","0574007","有限会社ムーン","0","","0","2024/03","0","2024/04","0","2024/05","0","2024/06","0","2024/07","0","2024/08","0","2024/09","0","2024/10","0","2024/11","0","2024/12","0","2025/01","88000","2025/02","176000","2025/03","44000","2025/04","0","2025/05","0","2025/06","0","2025/07","0","2025/08"
"A40改修工事","9000720229-001","91000000","10000000","25.2","D001","躯体補修工事","D010","躯体補修工事","D101","躯体補修工事(材料費）","0","50000","197810","0620017","化研マテリアル株式会社","0","","0","2024/03","0","2024/04","0","2024/05","0","2024/06","0","2024/07","0","2024/08","0","2024/09","0","2024/10","0","2024/11","110020","2024/12","87790","2025/01","0","2025/02","0","2025/03","0","2025/04","0","2025/05","0","2025/06","0","2025/07","0","2025/08"
"A40改修工事","9000720229-001","91000000","10000000","25.2","D001","躯体補修工事","D010","躯体補修工事","D100","躯体補修工事(外注費）","0","0","0","","","0","","0","2024/03","0","2024/04","0","2024/05","0","2024/06","0","2024/07","0","2024/08","0","2024/09","0","2024/10","0","2024/11","0","2024/12","0","2025/01","0","2025/02","0","2025/03","0","2025/04","0","2025/05","0","2025/06","0","2025/07","0","2025/08"
"A40改修工事","9000720229-001","91000000","10000000","25.2","D001","躯体補修工事","D030","洗浄工事","D300","洗浄工事(外注費)","0","0","0","","","0","","0","2024/03","0","2024/04","0","2024/05","0","2024/06","0","2024/07","0","2024/08","0","2024/09","0","2024/10","0","2024/11","0","2024/12","0","2025/01","0","2025/02","0","2025/03","0","2025/04","0","2025/05","0","2025/06","0","2025/07","0","2025/08"
"A40改修工事","9000720229-001","91000000","10000000","25.2","D001","躯体補修工事","D030","洗浄工事","D301","洗浄工事(材料費)","0","0","0","","","0","","0","2024/03","0","2024/04","0","2024/05","0","2024/06","0","2024/07","0","2024/08","0","2024/09","0","2024/10","0","2024/11","0","2024/12","0","2025/01","0","2025/02","0","2025/03","0","2025/04","0","2025/05","0","2025/06","0","2025/07","0","2025/08"
"A40改修工事","9000720229-001","91000000","10000000","25.2","E001","外壁塗装工事","E030","塗装物件","E300","塗装物件(外注費)","4570360","0","2900000","0514021","株式会社ウォール","0","0000017724","0","2024/03","0","2024/04","0","2024/05","0","2024/06","0","2024/07","0","2024/08","0","2024/09","0","2024/10","0","2024/11","0","2024/12","0","2025/01","0","2025/02","2100000","2025/03","800000","2025/04","0","2025/05","0","2025/06","0","2025/07","0","2025/08"
"A40改修工事","9000720229-001","91000000","10000000","25.2","E001","外壁塗装工事","E030","塗装物件","E300","塗装物件(外注費)","0","0","0","0514021","株式会社ウォール","0","","0","2024/03","0","2024/04","0","2024/05","0","2024/06","0","2024/07","0","2024/08","0","2024/09","0","2024/10","0","2024/11","0","2024/12","0","2025/01","0","2025/02","-200000","2025/03","0","2025/04","253000","2025/05","0","2025/06","0","2025/07","0","2025/08"
"A40改修工事","9000720229-001","91000000","10000000","25.2","E001","外壁塗装工事","E030","塗装物件","E300","塗装物件(外注費)","0","2600000","200000","0532017","昭和美装","0","","0","2024/03","0","2024/04","0","2024/05","0","2024/06","0","2024/07","0","2024/08","0","2024/09","0","2024/10","0","2024/11","0","2024/12","0","2025/01","200000","2025/02","0","2025/03","0","2025/04","0","2025/05","0","2025/06","0","2025/07","0","2025/08"
"A40改修工事","9000720229-001","91000000","10000000","25.2","E001","外壁塗装工事","E030","塗装物件","E301","塗装物件(材料費)","0","1742100","1786300","0618001","荻野化成株式会社","0","","0","2024/03","0","2024/04","0","2024/05","0","2024/06","0","2024/07","0","2024/08","0","2024/09","0","2024/10","0","2024/11","0","2024/12","0","2025/01","284500","2025/02","1442000","2025/03","59800","2025/04","0","2025/05","0","2025/06","0","2025/07","0","2025/08"
"A40改修工事","9000720229-001","91000000","10000000","25.2","E001","外壁塗装工事","E030","塗装物件","E300","塗装物件(外注費)","0","0","0","","","0","","0","2024/03","0","2024/04","0","2024/05","0","2024/06","0","2024/07","0","2024/08","0","2024/09","0","2024/10","0","2024/11","0","2024/12","0","2025/01","0","2025/02","0","2025/03","0","2025/04","0","2025/05","0","2025/06","0","2025/07","0","2025/08"
"A40改修工事","9000720229-001","91000000","10000000","25.2","F001","鉄部塗装工事","F020","共用部・外構鉄部","F200","共用部･外構鉄部(外注費)","950120","0","570000","0514021","株式会社ウォール","0","0000017723","0","2024/03","0","2024/04","0","2024/05","0","2024/06","0","2024/07","0","2024/08","0","2024/09","0","2024/10","0","2024/11","0","2024/12","350000","2025/01","0","2025/02","0","2025/03","220000","2025/04","0","2025/05","0","2025/06","0","2025/07","0","2025/08"
"A40改修工事","9000720229-001","91000000","10000000","25.2","F001","鉄部塗装工事","F080","鉄骨階段","F800","鉄骨階段(外注費)","3205000","0","1730000","0514021","株式会社ウォール","0","0000017723","0","2024/03","0","2024/04","0","2024/05","0","2024/06","0","2024/07","0","2024/08","0","2024/09","0","2024/10","0","2024/11","0","2024/12","0","2025/01","1420000","2025/02","0","2025/03","310000","2025/04","0","2025/05","0","2025/06","0","2025/07","0","2025/08"
"A40改修工事","9000720229-001","91000000","10000000","25.2","F001","鉄部塗装工事","F020","共用部・外構鉄部","F200","共用部･外構鉄部(外注費)","0","850000","0","0532017","昭和美装","0","","0","2024/03","0","2024/04","0","2024/05","0","2024/06","0","2024/07","0","2024/08","0","2024/09","0","2024/10","0","2024/11","0","2024/12","0","2025/01","0","2025/02","0","2025/03","0","2025/04","0","2025/05","0","2025/06","0","2025/07","0","2025/08"
"A40改修工事","9000720229-001","91000000","10000000","25.2","F001","鉄部塗装工事","F020","共用部・外構鉄部","F201","共用部･外構鉄部(材料費)","0","302800","0","0532017","昭和美装","0","","0","2024/03","0","2024/04","0","2024/05","0","2024/06","0","2024/07","0","2024/08","0","2024/09","0","2024/10","0","2024/11","0","2024/12","0","2025/01","0","2025/02","0","2025/03","0","2025/04","0","2025/05","0","2025/06","0","2025/07","0","2025/08"
"A40改修工事","9000720229-001","91000000","10000000","25.2","F001","鉄部塗装工事","F080","鉄骨階段","F800","鉄骨階段(外注費)","0","1950000","0","0532017","昭和美装","0","","0","2024/03","0","2024/04","0","2024/05","0","2024/06","0","2024/07","0","2024/08","0","2024/09","0","2024/10","0","2024/11","0","2024/12","0","2025/01","0","2025/02","0","2025/03","0","2025/04","0","2025/05","0","2025/06","0","2025/07","0","2025/08"
"A40改修工事","9000720229-001","91000000","10000000","25.2","F001","鉄部塗装工事","F020","共用部・外構鉄部","F201","共用部･外構鉄部(材料費)","0","0","252150","0618001","荻野化成株式会社","0","","0","2024/03","0","2024/04","0","2024/05","0","2024/06","0","2024/07","0","2024/08","0","2024/09","0","2024/10","0","2024/11","0","2024/12","168350","2025/01","83800","2025/02","0","2025/03","0","2025/04","0","2025/05","0","2025/06","0","2025/07","0","2025/08"
"A40改修工事","9000720229-001","91000000","10000000","25.2","F001","鉄部塗装工事","F080","鉄骨階段","F801","鉄骨階段(材料費)","0","809200","330900","0618001","荻野化成株式会社","0","","0","2024/03","0","2024/04","0","2024/05","0","2024/06","0","2024/07","0","2024/08","0","2024/09","0","2024/10","0","2024/11","0","2024/12","330900","2025/01","0","2025/02","0","2025/03","0","2025/04","0","2025/05","0","2025/06","0","2025/07","0","2025/08"
"A40改修工事","9000720229-001","91000000","10000000","25.2","F001","鉄部塗装工事","F020","共用部・外構鉄部","F200","共用部･外構鉄部(外注費)","0","0","0","","","0","","0","2024/03","0","2024/04","0","2024/05","0","2024/06","0","2024/07","0","2024/08","0","2024/09","0","2024/10","0","2024/11","0","2024/12","0","2025/01","0","2025/02","0","2025/03","0","2025/04","0","2025/05","0","2025/06","0","2025/07","0","2025/08"
"A40改修工事","9000720229-001","91000000","10000000","25.2","F001","鉄部塗装工事","F080","鉄骨階段","F800","鉄骨階段(外注費)","0","0","0","","","0","","0","2024/03","0","2024/04","0","2024/05","0","2024/06","0","2024/07","0","2024/08","0","2024/09","0","2024/10","0","2024/11","0","2024/12","0","2025/01","0","2025/02","0","2025/03","0","2025/04","0","2025/05","0","2025/06","0","2025/07","0","2025/08"
"A40改修工事","9000720229-001","91000000","10000000","25.2","H001","屋上防水工事","H020","ｱｽﾌｧﾙﾄ防水","H200","ｱｽﾌｧﾙﾄ防水(外注費)","32710100","17864100","34000000","0522049","有限会社共栄工業","0","0000017427","0","2024/03","0","2024/04","0","2024/05","0","2024/06","0","2024/07","0","2024/08","0","2024/09","0","2024/10","0","2024/11","0","2024/12","10600000","2025/01","19740000","2025/02","3115000","2025/03","545000","2025/04","0","2025/05","0","2025/06","0","2025/07","0","2025/08"
"A40改修工事","9000720229-001","91000000","10000000","25.2","H001","屋上防水工事","H020","ｱｽﾌｧﾙﾄ防水","H200","ｱｽﾌｧﾙﾄ防水(外注費)","0","0","0","0522049","有限会社共栄工業","0","","0","2024/03","0","2024/04","0","2024/05","0","2024/06","0","2024/07","0","2024/08","0","2024/09","0","2024/10","0","2024/11","0","2024/12","0","2025/01","-4526400","2025/02","-10334700","2025/03","210600","2025/04","-125000","2025/05","0","2025/06","0","2025/07","0","2025/08"
"A40改修工事","9000720229-001","91000000","10000000","25.2","H001","屋上防水工事","H020","ｱｽﾌｧﾙﾄ防水","H201","ｱｽﾌｧﾙﾄ防水(材料費)","0","12735900","14927670","0620017","化研マテリアル株式会社","0","","0","2024/03","0","2024/04","0","2024/05","0","2024/06","0","2024/07","0","2024/08","0","2024/09","0","2024/10","0","2024/11","0","2024/12","4432700","2025/01","9937950","2025/02","438661","2025/03","118360","2025/04","0","2025/05","0","2025/06","0","2025/07","0","2025/08"
"A40改修工事","9000720229-001","91000000","10000000","25.2","H001","屋上防水工事","H020","ｱｽﾌｧﾙﾄ防水","H201","ｱｽﾌｧﾙﾄ防水(材料費)","0","600000","1255000","0620073","カスター・ピーエヌ・ジャパン株式会社","0","","0","2024/03","0","2024/04","0","2024/05","0","2024/06","0","2024/07","0","2024/08","0","2024/09","0","2024/10","0","2024/11","0","2024/12","1255000","2025/01","0","2025/02","0","2025/03","0","2025/04","0","2025/05","0","2025/06","0","2025/07","0","2025/08"
"A40改修工事","9000720229-001","91000000","10000000","25.2","P001","その他防水工事","P010","塗膜防水","P100","塗膜防水(外注費)","1600000","0","700000","0522049","有限会社共栄工業","0","","0","2024/03","0","2024/04","0","2024/05","0","2024/06","0","2024/07","0","2024/08","0","2024/09","0","2024/10","0","2024/11","0","2024/12","0","2025/01","0","2025/02","150000","2025/03","475000","2025/04","75000","2025/05","0","2025/06","0","2025/07","0","2025/08"
"A40改修工事","9000720229-001","91000000","10000000","25.2","P001","その他防水工事","P010","塗膜防水","P100","塗膜防水(外注費)","0","200000","0","0528008","小谷左官","0","","0","2024/03","0","2024/04","0","2024/05","0","2024/06","0","2024/07","0","2024/08","0","2024/09","0","2024/10","0","2024/11","0","2024/12","0","2025/01","0","2025/02","0","2025/03","0","2025/04","0","2025/05","0","2025/06","0","2025/07","0","2025/08"
"A40改修工事","9000720229-001","91000000","10000000","25.2","P001","その他防水工事","P010","塗膜防水","P100","塗膜防水(外注費)","0","450000","0","0532066","有限会社シンケン工業","0","","0","2024/03","0","2024/04","0","2024/05","0","2024/06","0","2024/07","0","2024/08","0","2024/09","0","2024/10","0","2024/11","0","2024/12","0","2025/01","0","2025/02","0","2025/03","0","2025/04","0","2025/05","0","2025/06","0","2025/07","0","2025/08"
"A40改修工事","9000720229-001","91000000","10000000","25.2","P001","その他防水工事","P010","塗膜防水","P101","塗膜防水(材料費)","0","150000","296700","0620017","化研マテリアル株式会社","0","","0","2024/03","0","2024/04","0","2024/05","0","2024/06","0","2024/07","0","2024/08","0","2024/09","0","2024/10","0","2024/11","0","2024/12","0","2025/01","0","2025/02","153700","2025/03","143000","2025/04","0","2025/05","0","2025/06","0","2025/07","0","2025/08"
"A40改修工事","9000720229-001","91000000","10000000","25.2","P001","その他防水工事","P010","塗膜防水","P100","塗膜防水(外注費)","0","0","0","","","0","","0","2024/03","0","2024/04","0","2024/05","0","2024/06","0","2024/07","0","2024/08","0","2024/09","0","2024/10","0","2024/11","0","2024/12","0","2025/01","0","2025/02","0","2025/03","0","2025/04","0","2025/05","0","2025/06","0","2025/07","0","2025/08"
"A40改修工事","9000720229-001","91000000","10000000","25.2","Q001","建築工事","Q090","建築雑工事","Q900","建築雑(外注費)","0","1200000","0","0212046","総合建設ニッショー","0","","0","2024/03","0","2024/04","0","2024/05","0","2024/06","0","2024/07","0","2024/08","0","2024/09","0","2024/10","0","2024/11","0","2024/12","0","2025/01","0","2025/02","0","2025/03","0","2025/04","0","2025/05","0","2025/06","0","2025/07","0","2025/08"
"A40改修工事","9000720229-001","91000000","10000000","25.2","Q001","建築工事","Q090","建築雑工事","Q900","建築雑(外注費)","0","0","0","0510155","株式会社アインズ","0","","27000","2024/03","0","2024/04","0","2024/05","0","2024/06","0","2024/07","0","2024/08","0","2024/09","0","2024/10","0","2024/11","0","2024/12","0","2025/01","0","2025/02","0","2025/03","0","2025/04","0","2025/05","0","2025/06","0","2025/07","0","2025/08"
"A40改修工事","9000720229-001","91000000","10000000","25.2","Q001","建築工事","Q090","建築雑工事","Q900","建築雑(外注費)","1473050","1700000","1730000","0580019","有限会社ヤマソー","0","0000017665","0","2024/03","0","2024/04","0","2024/05","0","2024/06","0","2024/07","0","2024/08","0","2024/09","0","2024/10","0","2024/11","0","2024/12","1060000","2025/01","0","2025/02","500000","2025/03","170000","2025/04","0","2025/05","0","2025/06","0","2025/07","0","2025/08"
"A40改修工事","9000720229-001","91000000","10000000","25.2","Q001","建築工事","Q090","建築雑工事","Q900","建築雑(外注費)","0","0","150000","0800418","株式会社アーク","0","","0","2024/03","0","2024/04","0","2024/05","0","2024/06","0","2024/07","0","2024/08","0","2024/09","0","2024/10","0","2024/11","0","2024/12","0","2025/01","0","2025/02","0","2025/03","0","2025/04","0","2025/05","0","2025/06","0","2025/07","0","2025/08"
"A40改修工事","9000720229-001","91000000","10000000","25.2","Q001","建築工事","Q090","建築雑工事","Q900","建築雑(外注費)","0","0","0","0830184","アデコ株式会社　新横浜支社","0","","0","2024/03","0","2024/04","0","2024/05","0","2024/06","0","2024/07","0","2024/08","0","2024/09","0","2024/10","0","2024/11","0","2024/12","418020","2025/01","426674","2025/02","0","2025/03","0","2025/04","0","2025/05","0","2025/06","0","2025/07","0","2025/08"
"A40改修工事","9000720229-001","91000000","10000000","25.2","Q001","建築工事","Q090","建築雑工事","Q901","建築雑(材料費)","0","0","0","","","0","","0","2024/03","0","2024/04","0","2024/05","0","2024/06","0","2024/07","0","2024/08","0","2024/09","0","2024/10","0","2024/11","0","2024/12","0","2025/01","0","2025/02","0","2025/03","0","2025/04","0","2025/05","0","2025/06","0","2025/07","0","2025/08"
"A40改修工事","9000720229-001","91000000","10000000","25.2","S001","クリーニング工事","S010","ｸﾘｰﾆﾝｸﾞ工事","S100","ｸﾘｰﾆﾝｸﾞ(外注費)","0","240000","440000","0574007","有限会社ムーン","0","","0","2024/03","0","2024/04","0","2024/05","0","2024/06","0","2024/07","0","2024/08","0","2024/09","0","2024/10","0","2024/11","0","2024/12","0","2025/01","0","2025/02","0","2025/03","220000","2025/04","132000","2025/05","0","2025/06","88000","2025/07","0","2025/08"
"A40改修工事","9000720229-001","91000000","10000000","25.2","S001","クリーニング工事","S010","ｸﾘｰﾆﾝｸﾞ工事","S100","ｸﾘｰﾆﾝｸﾞ(外注費)","0","0","0","","","0","","0","2024/03","0","2024/04","0","2024/05","0","2024/06","0","2024/07","0","2024/08","0","2024/09","0","2024/10","0","2024/11","0","2024/12","0","2025/01","0","2025/02","0","2025/03","0","2025/04","0","2025/05","0","2025/06","0","2025/07","0","2025/08"
"A40改修工事","9000720229-001","91000000","10000000","25.2","S001","クリーニング工事","S010","ｸﾘｰﾆﾝｸﾞ工事","S101","ｸﾘｰﾆﾝｸﾞ(材料費)","0","0","0","","","0","","0","2024/03","0","2024/04","0","2024/05","0","2024/06","0","2024/07","0","2024/08","0","2024/09","0","2024/10","0","2024/11","0","2024/12","0","2025/01","0","2025/02","0","2025/03","0","2025/04","0","2025/05","0","2025/06","0","2025/07","0","2025/08"
"A40改修工事","9000720229-001","91000000","10000000","25.2","Z001","経費","Z010","諸経費","","","0","150000","89000","0510155","株式会社アインズ","0","","0","2024/03","0","2024/04","0","2024/05","0","2024/06","0","2024/07","0","2024/08","0","2024/09","0","2024/10","0","2024/11","0","2024/12","0","2025/01","0","2025/02","0","2025/03","0","2025/04","0","2025/05","0","2025/06","0","2025/07","0","2025/08"
"A40改修工事","9000720229-001","91000000","10000000","25.2","Z001","経費","Z010","諸経費","","","0","0","0","0680006","ヤマト運輸本社　ヤマト運輸株式会社横浜主管支店","0","","0","2024/03","0","2024/04","0","2024/05","0","2024/06","0","2024/07","0","2024/08","0","2024/09","0","2024/10","0","2024/11","0","2024/12","0","2025/01","1124","2025/02","0","2025/03","1304","2025/04","0","2025/05","0","2025/06","0","2025/07","0","2025/08"
"A40改修工事","9000720229-001","91000000","10000000","25.2","Z001","経費","Z010","諸経費","","","0","0","0","0830055","ソロエルアリーナ（株式会社マツザキ）","0","","0","2024/03","0","2024/04","13549","2024/05","0","2024/06","0","2024/07","0","2024/08","0","2024/09","0","2024/10","4137","2024/11","12156","2024/12","2109","2025/01","0","2025/02","1411","2025/03","3180","2025/04","6318","2025/05","0","2025/06","0","2025/07","0","2025/08"
"A40改修工事","9000720229-001","91000000","10000000","25.2","Z001","経費","Z010","諸経費","","","0","0","844694","0830184","アデコ株式会社　新横浜支社","0","","0","2024/03","0","2024/04","0","2024/05","0","2024/06","0","2024/07","0","2024/08","0","2024/09","0","2024/10","0","2024/11","0","2024/12","0","2025/01","0","2025/02","0","2025/03","0","2025/04","0","2025/05","0","2025/06","0","2025/07","0","2025/08"
"A40改修工事","9000720229-001","91000000","10000000","25.2","Z001","経費","Z010","諸経費","","","0","0","0","9999990","給与配賦","0","","0","2024/03","0","2024/04","0","2024/05","0","2024/06","0","2024/07","0","2024/08","0","2024/09","0","2024/10","0","2024/11","0","2024/12","566119","2025/01","535333","2025/02","547919","2025/03","584610","2025/04","521637","2025/05","1248532","2025/06","495625","2025/07","0","2025/08"
"A40改修工事","9000720229-001","91000000","10000000","25.2","Z001","経費","Z100","一式(小工事)","Z104","一式(現業)","0","0","0","9999990","給与配賦","0","","0","2024/03","0","2024/04","0","2024/05","0","2024/06","0","2024/07","0","2024/08","0","2024/09","0","2024/10","0","2024/11","0","2024/12","0","2025/01","0","2025/02","20497","2025/03","0","2025/04","0","2025/05","12723","2025/06","0","2025/07","0","2025/08"
"A40改修工事","9000720229-001","91000000","10000000","25.2","Z001","経費","Z010","諸経費","","","0","0","0","9999991","社内振替","0","","30000","2024/03","0","2024/04","0","2024/05","0","2024/06","0","2024/07","0","2024/08","0","2024/09","0","2024/10","5000","2024/11","0","2024/12","0","2025/01","0","2025/02","0","2025/03","0","2025/04","0","2025/05","0","2025/06","0","2025/07","0","2025/08"
"A40改修工事","9000720229-001","91000000","10000000","25.2","Z001","経費","Z010","諸経費","","","0","0","0","9999994","仕訳データ","0","","0","2024/03","0","2024/04","0","2024/05","0","2024/06","0","2024/07","0","2024/08","0","2024/09","0","2024/10","0","2024/11","0","2024/12","0","2025/01","0","2025/02","20000","2025/03","0","2025/04","0","2025/05","0","2025/06","0","2025/07","0","2025/08"
"A40改修工事","9000720229-001","91000000","10000000","25.2","Z001","経費","Z010","諸経費","","","0","0","0","9999995","ＥＸ経費","0","","0","2024/03","0","2024/04","0","2024/05","0","2024/06","0","2024/07","0","2024/08","0","2024/09","0","2024/10","0","2024/11","164","2024/12","896","2025/01","0","2025/02","6701","2025/03","8259","2025/04","0","2025/05","0","2025/06","2473","2025/07","0","2025/08"
"A40改修工事","9000720229-001","91000000","10000000","25.2","Z001","経費","Z010","諸経費","","","9750000","6850000","7250000","","","0","","0","2024/03","0","2024/04","0","2024/05","0","2024/06","0","2024/07","0","2024/08","0","2024/09","0","2024/10","0","2024/11","0","2024/12","0","2025/01","0","2025/02","0","2025/03","0","2025/04","0","2025/05","0","2025/06","0","2025/07","0","2025/08"
"A40改修工事","9000720229-001","91000000","10000000","25.2","Z001","経費","Z100","一式(小工事)","Z104","一式(現業)","0","0","0","","","0","","0","2024/03","0","2024/04","0","2024/05","0","2024/06","0","2024/07","0","2024/08","0","2024/09","0","2024/10","0","2024/11","0","2024/12","0","2025/01","0","2025/02","0","2025/03","0","2025/04","0","2025/05","0","2025/06","0","2025/07","0","2025/08"
